{"cameraMode":{"drawMode":0,"name":"Shaded","section":"Shading Mode"},"sceneLighting":false,"audioPlay":false,"sceneViewState":{"showFog":true,"showMaterialUpdate":false,"showSkybox":false,"showFlares":true,"showImageEffects":true,"showParticleSystems":true},"in2DMode":false,"pivot":{"x":0.00000780867412686348,"y":0.0030465582385659219,"z":0.0007034838199615479},"rotation":{"x":0.1828756034374237,"y":-0.07806845754384995,"z":0.014569317921996117,"w":0.9799231886863709},"size":0.01388537883758545,"orthographic":false}