{"cameraMode":{"drawMode":0,"name":"Shaded","section":"Shading Mode"},"sceneLighting":false,"audioPlay":false,"sceneViewState":{"showFog":true,"showMaterialUpdate":false,"showSkybox":false,"showFlares":true,"showImageEffects":true,"showParticleSystems":true},"in2DMode":false,"pivot":{"x":0.8025927543640137,"y":-0.5410248637199402,"z":-1.4214648008346558},"rotation":{"x":-0.16387924551963807,"y":0.6058443784713745,"z":-0.12932701408863069,"w":-0.7677063941955566},"size":2.3320508003234865,"orthographic":false}