{"cameraMode":{"drawMode":0,"name":"Shaded","section":"Shading Mode"},"sceneLighting":true,"audioPlay":false,"sceneViewState":{"showFog":true,"showMaterialUpdate":false,"showSkybox":true,"showFlares":true,"showImageEffects":true,"showParticleSystems":true},"in2DMode":false,"pivot":{"x":0.29936492443084719,"y":0.10058212280273438,"z":-3.003966808319092},"rotation":{"x":0.13310198485851289,"y":-0.001189084374345839,"z":0.0001602738630026579,"w":0.9911031126976013},"size":15.621872901916504,"orthographic":true}