{"cameraMode":{"drawMode":0,"name":"Shaded","section":"Shading Mode"},"sceneLighting":false,"audioPlay":false,"sceneViewState":{"showFog":true,"showMaterialUpdate":false,"showSkybox":false,"showFlares":true,"showImageEffects":true,"showParticleSystems":true},"in2DMode":false,"pivot":{"x":9.39566707611084,"y":9.011680603027344,"z":-13.001374244689942},"rotation":{"x":0.34261584281921389,"y":0.10258470475673676,"z":-0.03766704723238945,"w":0.9330978989601135},"size":1.2182685136795045,"orthographic":false}