{"cameraMode":{"drawMode":0,"name":"Shaded","section":"Shading Mode"},"sceneLighting":false,"audioPlay":false,"sceneViewState":{"showFog":true,"showMaterialUpdate":false,"showSkybox":false,"showFlares":true,"showImageEffects":true,"showParticleSystems":true},"in2DMode":false,"pivot":{"x":0.0000027599744498729707,"y":0.005047733895480633,"z":0.000003824010491371155},"rotation":{"x":0.34261584281921389,"y":0.10258470475673676,"z":-0.03766704723238945,"w":0.9330978989601135},"size":0.015326106920838356,"orthographic":false}