{"cameraMode":{"drawMode":0,"name":"Shaded","section":"Shading Mode"},"sceneLighting":true,"audioPlay":false,"sceneViewState":{"showFog":true,"showMaterialUpdate":false,"showSkybox":true,"showFlares":true,"showImageEffects":true,"showParticleSystems":true},"in2DMode":false,"pivot":{"x":460.314453125,"y":670.29931640625,"z":-80.20149230957031},"rotation":{"x":0.1339932680130005,"y":0.0029729530215263368,"z":-0.0004019836778752506,"w":0.9909778833389282},"size":680.917236328125,"orthographic":true}