{"cameraMode":{"drawMode":0,"name":"Shaded","section":"Shading Mode"},"sceneLighting":false,"audioPlay":false,"sceneViewState":{"showFog":true,"showMaterialUpdate":false,"showSkybox":false,"showFlares":true,"showImageEffects":true,"showParticleSystems":true},"in2DMode":false,"pivot":{"x":8.304252624511719,"y":3.1751017570495607,"z":8.096380233764649},"rotation":{"x":0.34261584281921389,"y":0.10258470475673676,"z":-0.03766704723238945,"w":0.9330978989601135},"size":3.611159563064575,"orthographic":false}