{"cameraMode":{"drawMode":0,"name":"Shaded","section":"Shading Mode"},"sceneLighting":false,"audioPlay":false,"sceneViewState":{"showFog":true,"showMaterialUpdate":false,"showSkybox":false,"showFlares":true,"showImageEffects":true,"showParticleSystems":true},"in2DMode":false,"pivot":{"x":-0.019648972898721696,"y":0.022388983517885209,"z":-0.013448208570480347},"rotation":{"x":0.06953787803649903,"y":-0.5347713232040405,"z":0.04421895742416382,"w":0.8409693837165833},"size":0.6152220368385315,"orthographic":false}