{"cameraMode":{"drawMode":0,"name":"Shaded","section":"Shading Mode"},"sceneLighting":false,"audioPlay":false,"sceneViewState":{"showFog":true,"showMaterialUpdate":false,"showSkybox":false,"showFlares":true,"showImageEffects":true,"showParticleSystems":true},"in2DMode":false,"pivot":{"x":1.1980228424072266,"y":-1.567145824432373,"z":-7.739999771118164},"rotation":{"x":-0.16387924551963807,"y":0.6058443784713745,"z":-0.12932701408863069,"w":-0.7677063941955566},"size":1.7320507764816285,"orthographic":false}