{"cameraMode":{"drawMode":0,"name":"Shaded","section":"Shading Mode"},"sceneLighting":false,"audioPlay":false,"sceneViewState":{"showFog":true,"showMaterialUpdate":false,"showSkybox":false,"showFlares":true,"showImageEffects":true,"showParticleSystems":true},"in2DMode":false,"pivot":{"x":0.2499997615814209,"y":2.0046770572662355,"z":16.959999084472658},"rotation":{"x":0.16240185499191285,"y":-0.06654927879571915,"z":0.010978798381984234,"w":0.9844174385070801},"size":28.120864868164064,"orthographic":false}