{"cameraMode":{"drawMode":0,"name":"Shaded","section":"Shading Mode"},"sceneLighting":false,"audioPlay":false,"sceneViewState":{"showFog":true,"showMaterialUpdate":false,"showSkybox":false,"showFlares":true,"showImageEffects":true,"showParticleSystems":true},"in2DMode":false,"pivot":{"x":-0.018826935440301896,"y":0.010190409608185292,"z":0.004951403476297855},"rotation":{"x":0.12652689218521119,"y":-0.7600527405738831,"z":0.15557298064231873,"w":0.6181482672691345},"size":0.018013857305049897,"orthographic":false}